<?xml version="1.0" encoding="UTF-8"?>
<project-private xmlns="http://www.netbeans.org/ns/project-private/1">
    <editor-bookmarks xmlns="http://www.netbeans.org/ns/editor-bookmarks/2" lastBookmarkId="0"/>
    <open-files xmlns="http://www.netbeans.org/ns/projectui-open-files/2">
        <group>
            <file>file:/media/dam2/Yared%20SSD/2-DAM/PGV-ProgramacionServicios/Lenguaje/src/es/iespuertodelacruz/ymp/Colaborar.java</file>
            <file>file:/media/dam2/Yared%20SSD/2-DAM/PGV-ProgramacionServicios/Lenguaje/src/es/iespuertodelacruz/ymp/Lenguaje.java</file>
        </group>
    </open-files>
</project-private>
